{"H0": 70, "gamma": 0.3211346704094631, "kappa": 5.231615710841213, "zp": 2.9130964138894564, "lambdaPeak": 0.035790160972565606, "alpha": 3.078072182214964, "beta": 0.9839293869239096, "deltam": 4.7094991646055835, "ml": 4.875438449958466, "mh": 151.04805789046188, "muMass": 39.51918145409609, "Om": 0.25, "Xi0": 1, "n": 0}