{"H0": 70, "gamma": 0.33829765256597616, "kappa": 0.35507823821838963, "zp": 1.1848102878512874, "lambdaPeak": 0.08665668817474885, "alpha": 2.7807505961661114, "beta": 1.8173263118645613, "deltam": 4.839210667195732, "ml": 5.388686588382352, "mh": 102.90523015381922, "muMass": 37.9567913989586, "Om": 0.25, "Xi0": 1, "n": 0}