{"gamma": 5.9389479455334335, "kappa": 5, "zp": 2,  "lambdaPeak": 0.0031602821008290156, "alpha": 3.8227609938768436, "beta": 1.3793536535655022, "deltam": 8.572675227087421, "ml": 2.837023337157344, "mh": 79.18942727155365, "muMass": 32.54798159289719, "sigmaMass": 3.369569623872077, "muChi": 0.3637959746756365, "varChi": 0.054549074960369495, "zeta": 0.34446514344991247, "sigmat": 2.90845374727813, "H0": 67.7, "Om": 0.31, "Xi0": 1, "n": 1}